{"overall": 1.3223700523376465, "challenge1": 1.001520037651062, "challenge2": 1.459879994392395}