{"overall": 1.0061299800872803, "challenge1": 1.000190019607544, "challenge2": 1.0086699724197388}