{"overall": 1.1313199996948242, "challenge1": 1.4175100326538086, "challenge2": 1.0086699724197388}