{"overall": 2.012660026550293, "challenge1": 4.047249794006348, "challenge2": 1.1406899690628052}