{"overall": 1.887369990348816, "challenge1": 3.937659978866577, "challenge2": 1.0086699724197388}