{
  "a": 0.9880765080451965,
  "b": 0.02725505828857422,
  "alpha": 0.1,
  "baseline_nrmse": 1.4738050699234009,
  "calibrated_nrmse": 1.4737257957458496,
  "improvement": 7.927417755126953e-05
}