{"overall": 1.4201200008392334, "challenge1": 1.626170039176941, "challenge2": 1.331820011138916}