{"overall": 1.0065300464630127, "challenge1": 1.001520037651062, "challenge2": 1.0086699724197388}