{
  "1": {
    "signal_mean": -1.0185764267589548e-06,
    "signal_std": 0.0025712859351187944,
    "signal_min": -0.3897336423397064,
    "signal_max": 0.4002908766269684,
    "channel_means": [
      3.9479886027038447e-07,
      1.2817366723538726e-07,
      3.1507889275417256e-07,
      -1.5203075065528537e-07,
      3.085739663788445e-08,
      -2.1901264801726938e-07,
      7.340990748616605e-08,
      -9.975709645004827e-07,
      -1.0225831204024871e-07,
      -1.2861850962053722e-07,
      -1.2594767895279801e-07,
      -4.161493620813417e-07,
      8.292982300872609e-08,
      -4.437223708464444e-07,
      -1.9661329986320197e-07,
      -5.779718776466325e-06,
      4.357509169494733e-06,
      -5.421563287200115e-07,
      -2.1554232887410762e-07,
      -6.293746679375545e-08,
      -3.3022465686372016e-06,
      -3.7396463881123054e-07,
      -6.515514883176365e-08,
      -3.7419226828205865e-08,
      -1.4309661082734237e-06,
      2.342748075534473e-06,
      1.3792421782454767e-07,
      -1.0419025642249835e-07,
      2.4019024635890673e-07,
      -2.3939037419040687e-05,
      1.3956297095774062e-07,
      1.7231357674063474e-08,
      4.51852474725456e-06,
      -5.972233907414193e-08,
      -8.410056295815593e-08,
      -3.0553938046296025e-08,
      6.900231142026314e-08,
      -3.4669255910557695e-08,
      9.277546553221327e-08,
      8.803612217889167e-06,
      4.346308912772656e-08,
      -1.3377379559642577e-07,
      -3.429720152325899e-07,
      3.7784968753840076e-07,
      1.485668690293096e-05,
      -2.651758450156194e-06,
      -6.935004876140738e-06,
      -8.035524842853192e-06,
      -1.4824618119746447e-06,
      -2.0669581317633856e-06,
      -1.6104246469694772e-07,
      -2.670462890819181e-07,
      -1.1097290553152561e-07,
      5.672798764067011e-08,
      1.6388295875913172e-07,
      3.6888430088311e-08,
      -2.2933284071768867e-07,
      -6.598558570658497e-07,
      -8.996835276775528e-07,
      6.934214070497546e-06,
      -7.944721147623568e-08,
      -3.203031084808572e-08,
      -1.92891207007051e-06,
      -3.273088395872037e-07,
      -4.2072707628904027e-07,
      -3.8819570136183756e-07,
      -3.8237820263020694e-05,
      -2.2719640924151463e-07,
      -2.2772408101445762e-06,
      -3.7150817888687016e-07,
      -2.6683528631110676e-07,
      -3.6643431400307236e-08,
      5.146155785951123e-07,
      -2.1510950887204672e-07,
      -9.910746001651205e-08,
      -2.2163878554692928e-07,
      1.5179340095983207e-07,
      5.9471392255261435e-09,
      6.923286122173522e-08,
      1.29485355770953e-08,
      -7.351321187343274e-07,
      6.651826879533473e-06,
      -8.358682066500478e-07,
      -4.017455808025261e-07,
      -2.14526636455048e-07,
      1.0783484327703263e-07,
      1.1561673396442984e-08,
      -7.676401310163783e-07,
      -2.652327282248734e-07,
      -1.2301505591949535e-07,
      -3.538794715041149e-07,
      -2.824706086812512e-07,
      -1.9181963750725117e-07,
      -5.822985826853255e-07,
      -1.8401340184936998e-06,
      -6.324099786070292e-07,
      -3.830591879250278e-07,
      -4.153278609919653e-07,
      -1.1845609293459347e-07,
      -1.866027190544628e-07,
      -6.545461133100616e-07,
      5.072142172934946e-08,
      -1.062004102436731e-07,
      -9.427388249605428e-06,
      -1.1388557652480813e-08,
      4.4140275434756404e-08,
      7.332009772653691e-07,
      -4.186078399470716e-07,
      -1.2132218785154691e-07,
      1.8314150906917348e-07,
      -1.8683365965443954e-07,
      4.5775145451898425e-08,
      2.3248621801030822e-05,
      -2.521664157484338e-07,
      -8.188084734683798e-07,
      -1.3555733424652772e-08,
      6.191106081132602e-07,
      2.893945350024296e-07,
      -4.881534550804645e-05,
      -2.6648358470993116e-05,
      -1.3754322125691942e-08,
      -2.746332711467403e-06,
      -1.880580498436757e-06,
      -1.263253501804229e-08,
      2.5068302988984215e-08,
      6.838392437202856e-06,
      -7.280817044374999e-06,
      4.752099584948155e-07,
      4.99960695673346e-13
    ],
    "temporal_std": 9.500405576545745e-05
  },
  "2": {
    "signal_mean": 1.4751599337614607e-06,
    "signal_std": 0.0022257084492594004,
    "signal_min": -0.38524600863456726,
    "signal_max": 0.37609171867370605,