{
  "1": {
    "mean": 1.5605841990158558,
    "std": 0.4036137869316233,
    "min": 0.009999999999990905,
    "max": 2.402000000000001,
    "median": 1.579999999999984,
    "q25": 1.3475000000000001,
    "q75": 1.8200000000000216,
    "n_samples": 7316
  },
  "2": {
    "mean": 1.597432914738929,
    "std": 0.4000535541155791,
    "min": 0.0,
    "max": 2.400000000000091,
    "median": 1.6099999999999994,
    "q25": 1.3799999999999955,
    "q75": 1.8599999999999994,
    "n_samples": 7565
  },
  "3": {
    "mean": 1.5763782599624454,
    "std": 0.40872421034225725,
    "min": 0.0,
    "max": 2.4099999999999966,
    "median": 1.59999999999998,
    "q25": 1.3399999999999324,
    "q75": 1.8499999999999943,
    "n_samples": 9586
  },
  "4": {
    "mean": 1.5624090580582992,
    "std": 0.40074607169280474,
    "min": 0.0,
    "max": 2.4980000000000047,
    "median": 1.5700000000000003,
    "q25": 1.329999999999984,
    "q75": 1.8299999999999983,
    "n_samples": 16604
  }
}